{
  "width": 640,
  "height": 480,
  "fps": 24,
  "fx": 385.128,
  "fy": 384.118,
  "cx": 326.371,
  "cy": 243.675,
  "k1": -0.05359723,
  "k2": 0.06271101,
  "p1": -0.00110631,
  "p2": 0.00006819
}